{"mean": [71.24631646380526, 1.4429664384646734, 69.08968609865471, 73.45419602818706, 4.364509929532351, 883.8004703901671, 340.4582340309932, 439.69891095451635, 1665.3894939141576, 1225.6905829596412, 339.044648583048, 286.42423200399566, 472.96243635298, 0.6824031078151441, 2792.300758063887], "scale": [5.271325093190078, 0.9594102213210333, 5.167498335078769, 5.6570227010200425, 2.7044928867654803, 135.57681220383705, 148.8162770218847, 164.343140512573, 492.0780259190373, 539.243505003431, 167.94560438455923, 151.10764017622395, 228.9135333326237, 0.17548953199643716, 16553.285056137393]}